{"idLote": "3", "ndviFecha": "2019-12-05", "ndviMin": 0.08887934684753418, "ndviMean": 0.3794887661933899, "ndviMedian": 0.31898733973503113, "ndviStd": 0.18825972080230713, "ndviMax": 0.9264892339706421}