{"idLote": "3", "ndviFecha": "2019-12-13", "ndviMin": 0.08641975373029709, "ndviMean": 0.41019803285598755, "ndviMedian": 0.3535929024219513, "ndviStd": 0.20437850058078766, "ndviMax": 0.8980913758277893}