{"idLote": "3", "ndviFecha": "2019-12-18", "ndviMin": 0.10320699959993362, "ndviMean": 0.4173636734485626, "ndviMedian": 0.3443599045276642, "ndviStd": 0.21466778218746185, "ndviMax": 0.905676543712616}