{"idLote": "3", "ndviFecha": "2019-12-10", "ndviMin": 0.0888780951499939, "ndviMean": 0.36263391375541687, "ndviMedian": 0.2970620095729828, "ndviStd": 0.18484841287136078, "ndviMax": 0.8865797519683838}