{"idLote": "1", "ndviFecha": "2023-02-27", "ndviMin": 0.12539294362068176, "ndviMean": 0.39249739050865173, "ndviMedian": 0.4014195501804352, "ndviStd": 0.07337606698274612, "ndviMax": 0.6043855547904968}