{"idLote": "1", "ndviFecha": "2023-02-07", "ndviMin": 0.10601427406072617, "ndviMean": 0.4006829857826233, "ndviMedian": 0.40688732266426086, "ndviStd": 0.11267294734716415, "ndviMax": 0.6437631845474243}