{"idLote": "1", "ndviFecha": "2023-02-12", "ndviMin": -0.0731707289814949, "ndviMean": 0.22115732729434967, "ndviMedian": 0.20977596938610077, "ndviStd": 0.07433440536260605, "ndviMax": 0.501627504825592}