{"idLote": "1", "ndviFecha": "2023-10-15", "ndviMin": 0.09976677596569061, "ndviMean": 0.3430722951889038, "ndviMedian": 0.14941763877868652, "ndviStd": 0.2481311410665512, "ndviMax": 0.7061514854431152}