{"idLote": "1", "ndviFecha": "2023-10-20", "ndviMin": 0.10760795325040817, "ndviMean": 0.3290747404098511, "ndviMedian": 0.14532756805419922, "ndviStd": 0.23812909424304962, "ndviMax": 0.6903479695320129}