{"idLote": "1", "ndviFecha": "2023-10-05", "ndviMin": 0.11929307878017426, "ndviMean": 0.36239510774612427, "ndviMedian": 0.16259299218654633, "ndviStd": 0.25680479407310486, "ndviMax": 0.7316098809242249}