{"idLote": "4", "ndviFecha": "2019-12-10", "ndviMin": 0.07608695328235626, "ndviMean": 0.7861260175704956, "ndviMedian": 0.8098463416099548, "ndviStd": 0.08377653360366821, "ndviMax": 0.8879538178443909}