{"idLote": "4", "ndviFecha": "2019-12-05", "ndviMin": 0.11943069100379944, "ndviMean": 0.8504952192306519, "ndviMedian": 0.8719689846038818, "ndviStd": 0.07629657536745071, "ndviMax": 0.9267857074737549}